#	texte_original	pretraitement	syllabes_metriques	syllabes_accentuees	sans_extra_rythmiques
1	Os que decís, qu' a muller	Os que decís, que a muller	8	4 7	4 7
2	non ten a cabeza feita	non ten a cabeza feita	8	1 2 5 7	2 5 7
3	pra soster unha coroa	pra soster unha coro~a	8	3 4 7	3 7
4	e que non sirve pra reina.	e que non sirve pra reina.	8	3 4 7	3 7
5	É qu' esquencedes cicais	É que esquencedes cicáis	8	1 4 7	1 4 7
6	que tod' a hestoria está chea	que toda a hestoria está chea	8	2 4 6 7	2 4 7
7	de nomes qu' o brilo teñen	de nomes que o brilo teñen	8	2 5 7	2 5 7
8	de luminosas estrelas.	de luminosas estrelas.	8	4 7	4 7
9	Semíramis i-Artemisa:	Semíramis iArtemisa:	8	2 7	2 7
10	duas Aspasias y-a nena	dúas Aspasias e a nena	8	1 4 7	1 4 7
11	File, filla d' Antipatro,	File, filla de Antipatro,	8	1 3 7	1 3 7
12	con quen iste s' aconsella;	con quen iste se aconsella;	8	2 3 7	2 7
13	Livia que domin' á Augusto	liviá que domina a Augusto	8	2 5 7	2 5 7
14	y-o mundo co-él goberna:	e o mundo coél goberna:	8	2 5 7	2 5 7
15	Agripina qu' ô seu fillo	Agripina que o séu fillo	8	3 6 7	3 7
16	de Roma o imperio lle dera:	de Roma o imperio lle dera:	8	2 4 7	2 4 7
17	a ilustrada Amalasunta	a ilustrada Amalasunta	8	3 7	3 7
18	qu' entende todal-as lengoas:	que entende tódalas lengoas:	8	2 4 7	2 4 7
19	a gran reina anque croel	a gran reina anque croel	8	2 3 7	2 7
20	Sabela d' Ingalaterra:	Sabela de Ingalaterra:	8	2 7	2 7
21	a Catelina de Médeces	a Catelina de Médeces	8	4 7	4 7
22	y-a Católeca Sabela,	e a Católeca Sabela,	8	3 7	3 7
